[{"pk": 1, "model": "cms.placeholder", "fields": {"slot": "col_sidebar", "default_width": null}}, {"pk": 2, "model": "cms.placeholder", "fields": {"slot": "col_left", "default_width": null}}, {"pk": 3, "model": "cms.placeholder", "fields": {"slot": "col_sidebar", "default_width": null}}, {"pk": 4, "model": "cms.placeholder", "fields": {"slot": "col_left", "default_width": null}}, {"pk": 5, "model": "cms.placeholder", "fields": {"slot": "col_sidebar", "default_width": null}}, {"pk": 6, "model": "cms.placeholder", "fields": {"slot": "col_left", "default_width": null}}, {"pk": 7, "model": "cms.placeholder", "fields": {"slot": "col_right", "default_width": null}}, {"pk": 8, "model": "cms.placeholder", "fields": {"slot": "col_sidebar", "default_width": null}}, {"pk": 9, "model": "cms.placeholder", "fields": {"slot": "col_left", "default_width": null}}, {"pk": 1, "model": "cms.page", "fields": {"rght": 2, "navigation_extenders": "", "site": 1, "creation_date": "2010-08-25 21:43:13", "lft": 1, "in_navigation": true, "reverse_id": null, "login_required": false, "created_by": "mukulu", "publication_end_date": null, "moderator_state": 0, "template": "2col.html", "tree_id": 1, "placeholders": [1, 2], "limit_visibility_in_menu": null, "parent": null, "publisher_state": 1, "soft_root": false, "publication_date": "2010-08-25 21:44:43", "publisher_public": null, "level": 0, "changed_by": "mukulu", "publisher_is_draft": true, "published": true}}, {"pk": 2, "model": "cms.page", "fields": {"rght": 2, "navigation_extenders": "", "site": 1, "creation_date": "2010-08-26 08:10:31", "lft": 1, "in_navigation": true, "reverse_id": null, "login_required": false, "created_by": "mukulu", "publication_end_date": null, "moderator_state": 1, "template": "2col.html", "tree_id": 2, "placeholders": [3, 4], "limit_visibility_in_menu": null, "parent": null, "publisher_state": 1, "soft_root": false, "publication_date": "2010-08-26 08:16:48", "publisher_public": null, "level": 0, "changed_by": "mukulu", "publisher_is_draft": true, "published": true}}, {"pk": 3, "model": "cms.page", "fields": {"rght": 4, "navigation_extenders": "", "site": 1, "creation_date": "2010-08-26 08:17:55", "lft": 1, "in_navigation": true, "reverse_id": null, "login_required": false, "created_by": "mukulu", "publication_end_date": null, "moderator_state": 0, "template": "2col.html", "tree_id": 3, "placeholders": [5, 6], "limit_visibility_in_menu": null, "parent": null, "publisher_state": 1, "soft_root": false, "publication_date": "2010-08-26 08:22:39", "publisher_public": null, "level": 0, "changed_by": "mukulu", "publisher_is_draft": true, "published": true}}, {"pk": 4, "model": "cms.page", "fields": {"rght": 3, "navigation_extenders": "", "site": 1, "creation_date": "2010-08-26 08:23:15", "lft": 2, "in_navigation": true, "reverse_id": null, "login_required": false, "created_by": "mukulu", "publication_end_date": null, "moderator_state": 0, "template": "3col.html", "tree_id": 3, "placeholders": [7, 8, 9], "limit_visibility_in_menu": null, "parent": 3, "publisher_state": 1, "soft_root": false, "publication_date": "2010-08-26 08:24:52", "publisher_public": null, "level": 1, "changed_by": "mukulu", "publisher_is_draft": true, "published": true}}, {"pk": 1, "model": "cms.cmsplugin", "fields": {"publisher_public": null, "rght": 2, "language": "en-us", "parent": null, "level": 0, "publisher_is_draft": true, "publisher_state": 1, "lft": 1, "tree_id": 1, "position": 0, "creation_date": "2010-08-25 21:43:32", "placeholder": 1, "plugin_type": "TextPlugin"}}, {"pk": 2, "model": "cms.cmsplugin", "fields": {"publisher_public": null, "rght": 2, "language": "en-us", "parent": null, "level": 0, "publisher_is_draft": true, "publisher_state": 1, "lft": 1, "tree_id": 2, "position": 0, "creation_date": "2010-08-25 21:43:55", "placeholder": 2, "plugin_type": "TextPlugin"}}, {"pk": 3, "model": "cms.cmsplugin", "fields": {"publisher_public": null, "rght": 2, "language": "sw", "parent": null, "level": 0, "publisher_is_draft": true, "publisher_state": 1, "lft": 1, "tree_id": 3, "position": 0, "creation_date": "2010-08-25 21:43:32", "placeholder": 1, "plugin_type": "TextPlugin"}}, {"pk": 4, "model": "cms.cmsplugin", "fields": {"publisher_public": null, "rght": 2, "language": "sw", "parent": null, "level": 0, "publisher_is_draft": true, "publisher_state": 1, "lft": 1, "tree_id": 4, "position": 0, "creation_date": "2010-08-25 21:43:55", "placeholder": 2, "plugin_type": "TextPlugin"}}, {"pk": 5, "model": "cms.cmsplugin", "fields": {"publisher_public": null, "rght": 2, "language": "en-us", "parent": null, "level": 0, "publisher_is_draft": true, "publisher_state": 1, "lft": 1, "tree_id": 5, "position": 0, "creation_date": "2010-08-26 08:10:39", "placeholder": 4, "plugin_type": "TextPlugin"}}, {"pk": 6, "model": "cms.cmsplugin", "fields": {"publisher_public": null, "rght": 2, "language": "en-us", "parent": null, "level": 0, "publisher_is_draft": true, "publisher_state": 1, "lft": 1, "tree_id": 6, "position": 0, "creation_date": "2010-08-26 08:11:39", "placeholder": 3, "plugin_type": "PicturePlugin"}}, {"pk": 7, "model": "cms.cmsplugin", "fields": {"publisher_public": null, "rght": 2, "language": "en-us", "parent": null, "level": 0, "publisher_is_draft": true, "publisher_state": 1, "lft": 1, "tree_id": 7, "position": 1, "creation_date": "2010-08-26 08:13:19", "placeholder": 3, "plugin_type": "TextPlugin"}}, {"pk": 8, "model": "cms.cmsplugin", "fields": {"publisher_public": null, "rght": 2, "language": "sw", "parent": null, "level": 0, "publisher_is_draft": true, "publisher_state": 1, "lft": 1, "tree_id": 8, "position": 0, "creation_date": "2010-08-26 08:11:39", "placeholder": 3, "plugin_type": "PicturePlugin"}}, {"pk": 9, "model": "cms.cmsplugin", "fields": {"publisher_public": null, "rght": 2, "language": "sw", "parent": null, "level": 0, "publisher_is_draft": true, "publisher_state": 1, "lft": 1, "tree_id": 9, "position": 1, "creation_date": "2010-08-26 08:13:19", "placeholder": 3, "plugin_type": "TextPlugin"}}, {"pk": 10, "model": "cms.cmsplugin", "fields": {"publisher_public": null, "rght": 2, "language": "en-us", "parent": null, "level": 0, "publisher_is_draft": true, "publisher_state": 1, "lft": 1, "tree_id": 10, "position": 0, "creation_date": "2010-08-26 08:18:04", "placeholder": 6, "plugin_type": "TextPlugin"}}, {"pk": 11, "model": "cms.cmsplugin", "fields": {"publisher_public": null, "rght": 2, "language": "en-us", "parent": null, "level": 0, "publisher_is_draft": true, "publisher_state": 1, "lft": 1, "tree_id": 11, "position": 1, "creation_date": "2010-08-26 08:19:10", "placeholder": 6, "plugin_type": "TextPlugin"}}, {"pk": 12, "model": "cms.cmsplugin", "fields": {"publisher_public": null, "rght": 2, "language": "en-us", "parent": null, "level": 0, "publisher_is_draft": true, "publisher_state": 1, "lft": 1, "tree_id": 12, "position": 1, "creation_date": "2010-08-26 08:19:35", "placeholder": 5, "plugin_type": "TextPlugin"}}, {"pk": 13, "model": "cms.cmsplugin", "fields": {"publisher_public": null, "rght": 2, "language": "en-us", "parent": null, "level": 0, "publisher_is_draft": true, "publisher_state": 1, "lft": 1, "tree_id": 13, "position": 0, "creation_date": "2010-08-26 08:20:40", "placeholder": 5, "plugin_type": "PicturePlugin"}}, {"pk": 14, "model": "cms.cmsplugin", "fields": {"publisher_public": null, "rght": 2, "language": "sw", "parent": null, "level": 0, "publisher_is_draft": true, "publisher_state": 1, "lft": 1, "tree_id": 14, "position": 0, "creation_date": "2010-08-26 08:18:04", "placeholder": 6, "plugin_type": "TextPlugin"}}, {"pk": 15, "model": "cms.cmsplugin", "fields": {"publisher_public": null, "rght": 2, "language": "sw", "parent": null, "level": 0, "publisher_is_draft": true, "publisher_state": 1, "lft": 1, "tree_id": 15, "position": 1, "creation_date": "2010-08-26 08:19:10", "placeholder": 6, "plugin_type": "TextPlugin"}}, {"pk": 16, "model": "cms.cmsplugin", "fields": {"publisher_public": null, "rght": 2, "language": "en-us", "parent": null, "level": 0, "publisher_is_draft": true, "publisher_state": 1, "lft": 1, "tree_id": 16, "position": 0, "creation_date": "2010-08-26 08:23:43", "placeholder": 7, "plugin_type": "TextPlugin"}}, {"pk": 17, "model": "cms.cmsplugin", "fields": {"publisher_public": null, "rght": 2, "language": "en-us", "parent": null, "level": 0, "publisher_is_draft": true, "publisher_state": 1, "lft": 1, "tree_id": 17, "position": 0, "creation_date": "2010-08-26 08:24:02", "placeholder": 8, "plugin_type": "TextPlugin"}}, {"pk": 18, "model": "cms.cmsplugin", "fields": {"publisher_public": null, "rght": 2, "language": "en-us", "parent": null, "level": 0, "publisher_is_draft": true, "publisher_state": 1, "lft": 1, "tree_id": 18, "position": 0, "creation_date": "2010-08-26 08:24:24", "placeholder": 9, "plugin_type": "TextPlugin"}}, {"pk": 19, "model": "cms.cmsplugin", "fields": {"publisher_public": null, "rght": 2, "language": "sw", "parent": null, "level": 0, "publisher_is_draft": true, "publisher_state": 1, "lft": 1, "tree_id": 19, "position": 0, "creation_date": "2010-08-26 08:23:43", "placeholder": 7, "plugin_type": "TextPlugin"}}, {"pk": 20, "model": "cms.cmsplugin", "fields": {"publisher_public": null, "rght": 2, "language": "sw", "parent": null, "level": 0, "publisher_is_draft": true, "publisher_state": 1, "lft": 1, "tree_id": 20, "position": 0, "creation_date": "2010-08-26 08:24:02", "placeholder": 8, "plugin_type": "TextPlugin"}}, {"pk": 21, "model": "cms.cmsplugin", "fields": {"publisher_public": null, "rght": 2, "language": "sw", "parent": null, "level": 0, "publisher_is_draft": true, "publisher_state": 1, "lft": 1, "tree_id": 21, "position": 0, "creation_date": "2010-08-26 08:24:24", "placeholder": 9, "plugin_type": "TextPlugin"}}, {"pk": 28, "model": "cms.cmsplugin", "fields": {"publisher_public": null, "rght": 2, "language": "sw", "parent": null, "level": 0, "publisher_is_draft": true, "publisher_state": 1, "lft": 1, "tree_id": 25, "position": 0, "creation_date": "2010-08-26 08:10:39", "placeholder": 4, "plugin_type": "TextPlugin"}}, {"pk": 26, "model": "cms.cmsplugin", "fields": {"publisher_public": null, "rght": 2, "language": "sw", "parent": null, "level": 0, "publisher_is_draft": true, "publisher_state": 1, "lft": 1, "tree_id": 24, "position": 0, "creation_date": "2010-08-26 08:19:35", "placeholder": 5, "plugin_type": "TextPlugin"}}, {"pk": 1, "model": "cms.title", "fields": {"publisher_public": null, "menu_title": "", "meta_keywords": "", "page_title": "", "language": "en-us", "title": "Help", "has_url_overwrite": false, "application_urls": "", "creation_date": "2010-08-25 21:43:13", "publisher_is_draft": true, "publisher_state": 1, "path": "help", "meta_description": "", "slug": "help", "redirect": "", "page": 1}}, {"pk": 2, "model": "cms.title", "fields": {"publisher_public": null, "menu_title": "", "meta_keywords": "", "page_title": "", "language": "sw", "title": "Msaada", "has_url_overwrite": false, "application_urls": "", "creation_date": "2010-08-25 21:48:55", "publisher_is_draft": true, "publisher_state": 1, "path": "msaada", "meta_description": "", "slug": "msaada", "redirect": "", "page": 1}}, {"pk": 3, "model": "cms.title", "fields": {"publisher_public": null, "menu_title": null, "meta_keywords": null, "page_title": null, "language": "en-us", "title": "Home", "has_url_overwrite": false, "application_urls": null, "creation_date": "2010-08-26 08:10:31", "publisher_is_draft": true, "publisher_state": 1, "path": "home", "meta_description": null, "slug": "home", "redirect": null, "page": 2}}, {"pk": 4, "model": "cms.title", "fields": {"publisher_public": null, "menu_title": "", "meta_keywords": "", "page_title": "", "language": "sw", "title": "Nyumbani", "has_url_overwrite": false, "application_urls": "", "creation_date": "2010-08-26 08:16:12", "publisher_is_draft": true, "publisher_state": 1, "path": "nyumbani", "meta_description": "", "slug": "nyumbani", "redirect": "", "page": 2}}, {"pk": 5, "model": "cms.title", "fields": {"publisher_public": null, "menu_title": null, "meta_keywords": null, "page_title": null, "language": "en-us", "title": "About US", "has_url_overwrite": false, "application_urls": null, "creation_date": "2010-08-26 08:17:55", "publisher_is_draft": true, "publisher_state": 1, "path": "about-us", "meta_description": null, "slug": "about-us", "redirect": null, "page": 3}}, {"pk": 6, "model": "cms.title", "fields": {"publisher_public": null, "menu_title": "", "meta_keywords": "", "page_title": "", "language": "sw", "title": "Kuhusu sisi", "has_url_overwrite": false, "application_urls": "", "creation_date": "2010-08-26 08:22:39", "publisher_is_draft": true, "publisher_state": 1, "path": "kuhusu-sisi", "meta_description": "", "slug": "kuhusu-sisi", "redirect": "", "page": 3}}, {"pk": 7, "model": "cms.title", "fields": {"publisher_public": null, "menu_title": "", "meta_keywords": "", "page_title": "", "language": "en-us", "title": "Our girls", "has_url_overwrite": false, "application_urls": "", "creation_date": "2010-08-26 08:23:15", "publisher_is_draft": true, "publisher_state": 1, "path": "about-us/our-girls", "meta_description": "", "slug": "our-girls", "redirect": "", "page": 4}}, {"pk": 8, "model": "cms.title", "fields": {"publisher_public": null, "menu_title": "", "meta_keywords": "", "page_title": "", "language": "sw", "title": "Wasichana wetu", "has_url_overwrite": false, "application_urls": "", "creation_date": "2010-08-26 08:27:45", "publisher_is_draft": true, "publisher_state": 1, "path": "kuhusu-sisi/wasichana-wetu", "meta_description": "", "slug": "wasichana-wetu", "redirect": "", "page": 4}}]
